date,demand
3/21/2017,20644.533
3/22/2017,19858.0952
3/23/2017,21294.5456
3/24/2017,21140.9774
3/25/2017,21791.8308
3/26/2017,21915.4915
3/27/2017,22089.3518
3/28/2017,22541.8957
3/29/2017,22779.654
3/30/2017,22938.6358
3/31/2017,22459.6773
4/1/2017,22632.9453
4/2/2017,21769.2021
4/3/2017,25448.3499
4/4/2017,26373.7446
4/5/2017,26410.486
4/6/2017,26143.3996
4/7/2017,25259.9185
4/8/2017,27137.6378
4/9/2017,28037.0127
4/10/2017,28991.1113
4/11/2017,27983.203
4/12/2017,29926.2975
4/13/2017,29901.1101
4/14/2017,28669.7488
4/15/2017,31004.7719
4/16/2017,30455.6957
4/17/2017,30024.5827
4/18/2017,29980.9725
4/19/2017,30394.7823
4/20/2017,29797.778
4/21/2017,28018.5251
4/22/2017,30451.6765
4/23/2017,31525.1417
4/24/2017,32024.1107
4/25/2017,30512.1337
4/26/2017,31203.4243
4/27/2017,31201.6741
4/28/2017,29745.4529
4/29/2017,32163.5825
4/30/2017,32722.1525
5/1/2017,32554.7343
5/2/2017,32651.7475
5/3/2017,32854.6118
5/4/2017,32799.659
5/5/2017,31015.4091
5/6/2017,32673.5488
5/7/2017,32944.8742
5/8/2017,33661.0578
5/9/2017,34534.4903
5/10/2017,35114.5463
5/11/2017,34756.4181
5/12/2017,32924.8066
5/13/2017,35456.313
5/14/2017,35493.3123
5/15/2017,35859.8986
5/16/2017,36517.0515
5/17/2017,36866.0357
5/18/2017,36059.9402
5/19/2017,34267.6325
5/20/2017,37906.5709
5/21/2017,38117.7774
5/22/2017,36814.1628
5/23/2017,37011.5623
5/24/2017,37494.858
5/25/2017,36839.7347
5/26/2017,35118.6362
5/27/2017,39112.9288
5/28/2017,39966.0958
5/29/2017,40195.4062
5/30/2017,40571.3706
5/31/2017,40716.9467
6/1/2017,39484.5825
6/2/2017,36468.0044
6/3/2017,37333.8684
6/4/2017,36053.7578
6/5/2017,36798.8011
6/6/2017,39614.9347
6/7/2017,40589.9127
6/8/2017,40241.475
6/9/2017,38082.9092
6/10/2017,41843.1974
6/11/2017,42874.1462
6/12/2017,42680.8957
6/13/2017,42286.3106
6/14/2017,42803.8272
6/15/2017,42685.0978
6/16/2017,39184.9514
6/17/2017,42633.8952
6/18/2017,42970.7291
6/19/2017,43595.6178
6/20/2017,43864.8366
6/21/2017,43686.3488
6/22/2017,42387.7578
6/23/2017,39139.6437
6/24/2017,41703.2717
6/25/2017,42013.4987
6/26/2017,38231.3175
6/27/2017,39278.6651
6/28/2017,42842.4373
6/29/2017,43826.7456
6/30/2017,41557.0053
7/1/2017,43590.7928
7/2/2017,44334.4488
7/3/2017,44704.872
7/4/2017,45397.5352
7/5/2017,46163.7178
7/6/2017,45079.379
7/7/2017,42245.6397
7/8/2017,44877.0972
7/9/2017,45227.185
7/10/2017,46535.9701
7/11/2017,45520.1027
7/12/2017,44489.9216
7/13/2017,41920.4564
7/14/2017,39160.4438
7/15/2017,43013.461
7/16/2017,44016.2767
7/17/2017,44760.4195
7/18/2017,44972.8533
7/19/2017,44841.9099
7/20/2017,42274.374
7/21/2017,41247.582
7/22/2017,45200.8427
7/23/2017,45506.8381
7/24/2017,45574.0293
7/25/2017,45466.101
7/26/2017,45488.6809
7/27/2017,44755.2198
7/28/2017,42601.6544
7/29/2017,46492.2401
7/30/2017,46930.1103
7/31/2017,46357.4934
8/1/2017,45671.5994
8/2/2017,45142.3272
8/3/2017,44233.1719
8/4/2017,41930.8191
8/5/2017,45054.2857
8/6/2017,45969.3092
8/7/2017,46232.5348
8/8/2017,46075.7754
8/9/2017,46365.8259
8/10/2017,45060.7259
8/11/2017,41910.0117
8/12/2017,45021.8735
8/13/2017,45588.7943
8/14/2017,45819.9169
8/15/2017,45635.7939
8/16/2017,45346.5288
8/17/2017,44224.0788
8/18/2017,42203.4837
8/19/2017,45694.958
8/20/2017,45807.2314
8/21/2017,45707.1235
8/22/2017,45616.4562
8/23/2017,45643.6104
8/24/2017,44581.2221
8/25/2017,41597.1318
8/26/2017,43855.0734
8/27/2017,43404.3352
8/28/2017,43301.1233
8/29/2017,43329.7466
8/30/2017,43828.2335
8/31/2017,42965.7015
9/1/2017,39861.5864
9/2/2017,43100.5359
9/3/2017,43348.3398
9/4/2017,43047.5936
9/5/2017,43207.48
9/6/2017,43073.3814
9/7/2017,42681.7053
9/8/2017,39479.0881
9/9/2017,38622.3011
9/10/2017,41510.3958
9/11/2017,42459.6011
9/12/2017,42532.0369
9/13/2017,41922.9953
9/14/2017,41014.2065
9/15/2017,38115.3354
9/16/2017,40552.8706
9/17/2017,40086.151
9/18/2017,39415.4712
9/19/2017,39130.5086
9/20/2017,38740.0298
9/21/2017,39242.4026
9/22/2017,35492.7539
9/23/2017,37713.0536
9/24/2017,37380.3713
9/25/2017,36980.5286
9/26/2017,36612.2841
9/27/2017,36668.8811
9/28/2017,35495.0205
9/29/2017,32497.1762
9/30/2017,29732.2799
10/1/2017,28353.3833
10/2/2017,33734.6609
10/3/2017,34180.1877
10/4/2017,33697.1041
10/5/2017,32349.7931
10/6/2017,29631.3104
10/7/2017,31815.6331
10/8/2017,32856.3894
10/9/2017,32860.5294
10/10/2017,33033.5827
10/11/2017,33173.8978
10/12/2017,31625.9345
10/13/2017,29414.8422
10/14/2017,31336.6767
10/15/2017,31717.4176
10/16/2017,31572.2743
10/17/2017,31249.7976
10/18/2017,30849.2719
10/19/2017,29940.3067
10/20/2017,28008.7616
10/21/2017,30046.4963
10/22/2017,30190.4875
10/23/2017,30262.7831
10/24/2017,29937.2768
10/25/2017,30090.7805
10/26/2017,29684.5065
10/27/2017,28165.0366
10/28/2017,30336.965
10/29/2017,30589.1297
10/30/2017,30675.2546
10/31/2017,30458.4716
11/1/2017,29902.4259
11/2/2017,29251.5806
11/3/2017,27604.9154
11/4/2017,29521.085
11/5/2017,29643.9553
11/6/2017,29450.9747
11/7/2017,29620.6903
11/8/2017,29233.8578
11/9/2017,26383.8191
11/10/2017,26198.4479
11/11/2017,28463.0707
11/12/2017,28390.3929
11/13/2017,28011.9778
11/14/2017,27928.33
11/15/2017,28066.7068
11/16/2017,27447.3615
11/17/2017,25050.1506
11/18/2017,26999.4182
11/19/2017,25919.1216
11/20/2017,27939.9046
11/21/2017,28195.1118
11/22/2017,27532.3485
11/23/2017,26990.4356
11/24/2017,25272.9136
11/25/2017,27704.6137
11/26/2017,28306.6075
11/27/2017,27322.193
11/28/2017,28641.254
11/29/2017,28472.0231
11/30/2017,28008.7102
12/1/2017,26498.1267
12/2/2017,28644.9238
12/3/2017,29354.1915
12/4/2017,29337.9892
12/5/2017,29049.0884
12/6/2017,27968.6524
12/7/2017,28256.8256
12/8/2017,26642.7254
12/9/2017,29164.1211
12/10/2017,29741.297
12/11/2017,29799.5379
12/12/2017,29869.8045
12/13/2017,29936.9953
12/14/2017,29277.4999
12/15/2017,26977.8205
12/16/2017,28839.4482
12/17/2017,29185.299
12/18/2017,29150.1099
12/19/2017,29322.4589
12/20/2017,29079.6553
12/21/2017,28134.2085
12/22/2017,26052.2499
12/23/2017,28157.7873
12/24/2017,28395.0987
12/25/2017,28167.6031
12/26/2017,27965.0453
12/27/2017,28041.3032
12/28/2017,27985.6923
12/29/2017,26319.1534
12/30/2017,28080.5362
12/31/2017,28261.1152
1/1/2018,28545.2428
1/2/2018,28440.0873
1/3/2018,28690.0588
1/4/2018,28079.2033
1/5/2018,26216.0331
1/6/2018,28248.1596
1/7/2018,28993.6503
1/8/2018,28694.5258
1/9/2018,29156.7072
1/10/2018,29268.5049
1/11/2018,28696.7434
1/12/2018,26513.5973
1/13/2018,28701.5509
1/14/2018,28947.2648
1/15/2018,28949.8903
1/16/2018,29139.0046
1/17/2018,29307.2409
1/18/2018,28359.006
1/19/2018,25960.7952
1/20/2018,28101.8071
1/21/2018,28355.7642
1/22/2018,28835.5237
1/23/2018,28832.2348
1/24/2018,28826.0287
1/25/2018,28262.4635
1/26/2018,26583.7746
1/27/2018,29109.0865
1/28/2018,28292.9275
1/29/2018,28598.7516
1/30/2018,29158.9607
1/31/2018,29312.5976
2/1/2018,28963.1439
2/2/2018,27110.5186
2/3/2018,29125.2836
2/4/2018,29399.3968
2/5/2018,29332.7707
2/6/2018,29326.5416
2/7/2018,29170.1169
2/8/2018,28629.7312
2/9/2018,26889.8956
2/10/2018,28567.6464
2/11/2018,27370.6842
2/12/2018,28872.8638
2/13/2018,28739.2806
2/14/2018,28708.2122
2/15/2018,28363.3219
2/16/2018,26519.6619
2/17/2018,28774.3538
2/18/2018,28728.016
2/19/2018,28780.9687
2/20/2018,27238.6268
2/21/2018,28620.5957
2/22/2018,28248.431
2/23/2018,26528.0003
2/24/2018,28377.5608
2/25/2018,27923.8757
2/26/2018,27983.2478
2/27/2018,28400.0029
2/28/2018,28357.1471
3/1/2018,27689.3224
3/2/2018,26298.25
3/3/2018,28017.1908
3/4/2018,28111.9307
3/5/2018,28009.7655
3/6/2018,28330.9562
3/7/2018,28574.0188
3/8/2018,28317.821
3/9/2018,26714.9481
3/10/2018,28712.4701
3/11/2018,29141.9107
3/12/2018,29164.1082
3/13/2018,28951.4915
3/14/2018,29243.7762
3/15/2018,28850.7112
3/16/2018,27592.3171
3/17/2018,28348.3112
3/18/2018,27598.4306
3/19/2018,26618.9802
3/20/2018,25184.8834
3/21/2018,23563.2848
3/22/2018,22861.5725
3/23/2018,24047.5532
3/24/2018,24707.7165
3/25/2018,26027.2708
3/26/2018,27058.7547
3/27/2018,27604.4215
3/28/2018,28433.8944
3/29/2018,28756.5772
3/30/2018,27884.637
3/31/2018,27498.5046
4/1/2018,27099.7791
4/2/2018,25014.4253
4/3/2018,28575.8972
4/4/2018,29683.7655
4/5/2018,30004.7623
4/6/2018,29048.5885
4/7/2018,30721.3224
4/8/2018,31117.5219
4/9/2018,31686.1211
4/10/2018,32105.5965
4/11/2018,32360.3185
4/12/2018,30339.351
4/13/2018,28093.5844
4/14/2018,28801.6024
4/15/2018,30678.9111
4/16/2018,30618.9582
4/17/2018,30375.5023
4/18/2018,30925.3822
4/19/2018,30840.6181
4/20/2018,29552.4994
4/21/2018,31971.7658
4/22/2018,32604.7217
4/23/2018,32034.508
4/24/2018,30877.724
4/25/2018,31901.3805
4/26/2018,32180.1865
4/27/2018,30661.4816
4/28/2018,32724.5641
4/29/2018,32603.5092
4/30/2018,32768.7243
5/1/2018,32575.3867
5/2/2018,31456.1094
5/3/2018,32472.1953
5/4/2018,31045.9311
5/5/2018,33636.1743
5/6/2018,34320.768
5/7/2018,35161.0004
5/8/2018,35686.3676
5/9/2018,34423.6699
5/10/2018,32177.8985
5/11/2018,29414.6729
5/12/2018,31610.6929
5/13/2018,32671.8269
5/14/2018,33261.8534
5/15/2018,33381.415
5/16/2018,33498.774
5/17/2018,32808.5879
5/18/2018,31650.1852
5/19/2018,34186.3976
5/20/2018,35456.9095
5/21/2018,36434.0276
5/22/2018,36386.1576
5/23/2018,36285.7705
5/24/2018,35759.1238
5/25/2018,34434.4979
5/26/2018,37350.9783
5/27/2018,37900.245
5/28/2018,38131.7728
5/29/2018,39037.5565
5/30/2018,39184.4376
5/31/2018,39073.7461
6/1/2018,37775.7595
6/2/2018,40037.173
6/3/2018,39690.6366
6/4/2018,38616.8052
6/5/2018,38928.9955
6/6/2018,38526.1772
6/7/2018,41790.0707
6/8/2018,40945.6681
6/9/2018,43343.4043
6/10/2018,43251.6207
6/11/2018,43089.2007
6/12/2018,42897.6224
6/13/2018,42638.9602
6/14/2018,42339.5886
6/15/2018,39107.861
6/16/2018,39749.8095
6/17/2018,43437.6796
6/18/2018,44300.8261
6/19/2018,44132.6776
6/20/2018,44096.4299
6/21/2018,43561.3502
6/22/2018,40803.5013
6/23/2018,43984.872
6/24/2018,44734.5581
6/25/2018,45275.9305
6/26/2018,44881.9707
6/27/2018,45096.9261
6/28/2018,44993.2281
6/29/2018,42742.7133
6/30/2018,45769.0814
7/1/2018,46071.8065
7/2/2018,46144.3897
7/3/2018,46327.5168
7/4/2018,46409.5175
7/5/2018,45479.0523
7/6/2018,43372.7474
7/7/2018,46370.209
7/8/2018,46144.0598
7/9/2018,44738.4149
7/10/2018,46428.4003
7/11/2018,46201.5456
7/12/2018,45505.535
7/13/2018,44359.6084
7/14/2018,45610.4448
7/15/2018,45506.6859
7/16/2018,45931.0826
7/17/2018,45544.5824
7/18/2018,45461.2555
7/19/2018,45743.2408
7/20/2018,43942.5309
7/21/2018,45837.7877
7/22/2018,45196.2484
7/23/2018,45161.4099
7/24/2018,45304.8559
7/25/2018,46079.4088
7/26/2018,45736.7378
7/27/2018,44638.8568
7/28/2018,46311.3888
7/29/2018,46600.0346
7/30/2018,46673.3107
7/31/2018,46633.2663
8/1/2018,46374.0665
8/2/2018,46116.5264
8/3/2018,43644.8468
8/4/2018,45912.6469
8/5/2018,46302.9261
8/6/2018,46753.006
8/7/2018,46405.9006
8/8/2018,46755.5224
8/9/2018,46052.9829
8/10/2018,43268.0402
8/11/2018,45309.592
8/12/2018,45383.4127
8/13/2018,45007.6229
8/14/2018,43995.5776
8/15/2018,43636.4173
8/16/2018,42957.767
8/17/2018,41335.6488
8/18/2018,44487.6536
8/19/2018,44094.4053
8/20/2018,42916.9381
8/21/2018,42598.4683
8/22/2018,40152.6415
8/23/2018,41278.2545
8/24/2018,39279.6602
8/25/2018,42383.1771
8/26/2018,42939.9037
8/27/2018,43470.0739
8/28/2018,43417.5766
8/29/2018,43242.8253
8/30/2018,40843.5246
8/31/2018,39787.0087
9/1/2018,42574.4538
9/2/2018,42254.9934
9/3/2018,41189.4671
9/4/2018,41271.4262
9/5/2018,41201.5084
9/6/2018,40324.1842
9/7/2018,38195.8035
9/8/2018,41024.3859
9/9/2018,41778.2925
9/10/2018,42020.6317
9/11/2018,42073.5916
9/12/2018,42358.5834
9/13/2018,41431.093
9/14/2018,39079.9565
9/15/2018,41349.0041
9/16/2018,41520.0763
9/17/2018,41246.1491
9/18/2018,40670.3903
9/19/2018,35842.9246
9/20/2018,33160.9688
9/21/2018,37200.6104
9/22/2018,39254.4526
9/23/2018,39768.5026
9/24/2018,38662.5778
9/25/2018,37648.3042
9/26/2018,37571.8727
9/27/2018,36809.2453
9/28/2018,34308.1269
9/29/2018,36035.1477
9/30/2018,36019.1095
10/1/2018,36065.3616
10/2/2018,35944.489
10/3/2018,36306.6285
10/4/2018,35586.6533
10/5/2018,33247.5368
10/6/2018,34319.5179
10/7/2018,33961.915
10/8/2018,34336.2944
10/9/2018,34148.0384
10/10/2018,34258.6401
10/11/2018,33610.6966
10/12/2018,32055.6944
10/13/2018,34023.8582
10/14/2018,33687.1048
10/15/2018,32422.394
10/16/2018,32275.4875
10/17/2018,32158.9311
10/18/2018,31512.739
10/19/2018,29614.0992
10/20/2018,31618.6414
10/21/2018,31353.7045
10/22/2018,30704.7329
10/23/2018,31161.95
10/24/2018,31156.4847
10/25/2018,30783.1646
10/26/2018,28351.9317
10/27/2018,29203.631
10/28/2018,28997.0676
10/29/2018,28233.452
10/30/2018,26129.0053
10/31/2018,28030.3022
11/1/2018,27911.7648
11/2/2018,26483.1216
11/3/2018,28427.5055
11/4/2018,28229.2425
11/5/2018,28622.5291
11/6/2018,28215.6955
11/7/2018,26052.8348
11/8/2018,26075.9946
11/9/2018,25561.8619
11/10/2018,28047.0265
11/11/2018,28419.9959
11/12/2018,28557.1185
11/13/2018,28585.3003
11/14/2018,28437.8088
11/15/2018,27812.6314
11/16/2018,26178.1371
11/17/2018,28045.9997
11/18/2018,28475.0365
11/19/2018,28541.837
11/20/2018,28585.3539
11/21/2018,28116.1186
11/22/2018,27285.7711
11/23/2018,26000.1223
11/24/2018,27484.1806
11/25/2018,26295.2903
11/26/2018,27388.4867
11/27/2018,27555.9309
11/28/2018,27936.6738
11/29/2018,27168.7233
11/30/2018,25712.6507
12/1/2018,28137.8273
12/2/2018,28409.9731
12/3/2018,28490.4482
12/4/2018,28470.2453
12/5/2018,28585.0551
12/6/2018,28017.6258
12/7/2018,26149.5112
12/8/2018,27977.2305
12/9/2018,28311.5554
12/10/2018,28430.9517
12/11/2018,28322.4958
12/12/2018,28464.6064
12/13/2018,27647.4768
12/14/2018,26284.0544
12/15/2018,28296.3059
12/16/2018,28488.3981
12/17/2018,28797.6419
12/18/2018,29173.3241
12/19/2018,28874.6853
12/20/2018,28099.08
12/21/2018,25992.5524
12/22/2018,28573.7631
12/23/2018,28860.0271
12/24/2018,28847.0801
12/25/2018,28902.2456
12/26/2018,28919.7538
12/27/2018,28393.7337
12/28/2018,26540.953
12/29/2018,28555.7084
12/30/2018,29114.6607
12/31/2018,29048.4602
1/1/2019,28848.4848
1/2/2019,29213.4481
1/3/2019,28729.2288
1/4/2019,26457.9297
1/5/2019,28405.3012
1/6/2019,28903.8377
1/7/2019,28943.454
1/8/2019,29031.7579
1/9/2019,29198.1172
1/10/2019,28472.57
1/11/2019,26800.1303
1/12/2019,29150.3557
1/13/2019,29675.0473
1/14/2019,29332.7067
1/15/2019,29037.2496
1/16/2019,28306.3725
1/17/2019,27761.9366
1/18/2019,26200.3534
1/19/2019,28796.3331
1/20/2019,29194.9222
1/21/2019,29359.3106
1/22/2019,28985.2224
1/23/2019,29051.6819
1/24/2019,27973.5191
1/25/2019,26412.1948
1/26/2019,28374.103
1/27/2019,28773.4631
1/28/2019,28599.5334
1/29/2019,28486.6969
1/30/2019,28290.5301
1/31/2019,27411.7257
2/1/2019,25718.4972
2/2/2019,27928.207
2/3/2019,28377.7799
2/4/2019,28232.1573
2/5/2019,28586.2527
2/6/2019,28405.6864
2/7/2019,28309.9244
2/8/2019,26356.8626
2/9/2019,26581.4176
2/10/2019,27993.3641
2/11/2019,27065.4844
2/12/2019,27957.5185
2/13/2019,28474.7453
2/14/2019,28073.278
2/15/2019,26436.4837
2/16/2019,28477.3562
2/17/2019,28773.7529
2/18/2019,28613.6315
2/19/2019,29130.1575
2/20/2019,29130.5266
2/21/2019,28555.8628
2/22/2019,27011.3397
2/23/2019,28575.684
2/24/2019,29048.8075
2/25/2019,29101.2268
2/26/2019,29205.3439
2/27/2019,29378.0123
2/28/2019,28528.7154
3/1/2019,26643.5146
3/2/2019,28575.6867
3/3/2019,29058.5074
3/4/2019,29350.8715
3/5/2019,29359.1135
3/6/2019,29300.1284
3/7/2019,29117.1079
3/8/2019,27714.6392
3/9/2019,29647.4764
3/10/2019,29769.8853
3/11/2019,29759.5035
3/12/2019,29805.3814
3/13/2019,29465.9148
3/14/2019,28625.574
3/15/2019,27762.3911
3/16/2019,28775.9575
3/17/2019,28568.0858
3/18/2019,27274.1027
3/19/2019,26213.2253
3/20/2019,25008.3941
3/21/2019,22781.7492
3/22/2019,21491.5645
3/23/2019,22617.4764
3/24/2019,22987.4473
3/25/2019,23891.1636
3/26/2019,23916.5542
3/27/2019,24311.9914
3/28/2019,24222.329
3/29/2019,24208.3268
3/30/2019,24733.1882
3/31/2019,24913.209
4/1/2019,24092.6191
4/2/2019,22311.8846
4/3/2019,23955.1363
4/4/2019,25078.847
4/5/2019,25228.6554
4/6/2019,27378.7484
4/7/2019,28570.3966
4/8/2019,28459.3752
4/9/2019,28129.3497
4/10/2019,28153.7776
4/11/2019,27989.036
4/12/2019,26234.9428
4/13/2019,27796.2343
4/14/2019,26915.5917
4/15/2019,27276.3871
4/16/2019,28098.8381
4/17/2019,28188.7012
4/18/2019,28215.9582
4/19/2019,26589.1577
4/20/2019,28400.0219
4/21/2019,27514.8469
4/22/2019,29172.2389
4/23/2019,29065.6633
4/24/2019,28808.38
4/25/2019,28149.8044
4/26/2019,26703.291
4/27/2019,28742.53
4/28/2019,29669.0301
4/29/2019,30257.1672
4/30/2019,30556.9704
5/1/2019,31231.2609
5/2/2019,31466.4628
5/3/2019,30545.5272
5/4/2019,33205.6397
5/5/2019,33446.1991
5/6/2019,34174.3926
5/7/2019,34812.2545
5/8/2019,35462.8231
5/9/2019,35533.6179
5/10/2019,32740.8111
5/11/2019,34532.7305
5/12/2019,35506.7399
5/13/2019,35883.8458
5/14/2019,36385.0967
5/15/2019,37169.3185
5/16/2019,36724.9825
5/17/2019,34443.6749
5/18/2019,37458.9196
5/19/2019,38247.7702
5/20/2019,37925.2946
5/21/2019,36850.1745
5/22/2019,36260.667
5/23/2019,36432.4482
5/24/2019,35693.6444
5/25/2019,38926.1136
5/26/2019,39803.4391
5/27/2019,37153.7316
5/28/2019,40766.5656
5/29/2019,41078.3201
5/30/2019,40545.9823
5/31/2019,38015.3842
6/1/2019,40254.5822
6/2/2019,41161.5182
6/3/2019,41627.8927
6/4/2019,40320.4103
6/5/2019,39228.4398
6/6/2019,40057.1943
6/7/2019,40749.8452
6/8/2019,44876.2999
6/9/2019,45260.3478
6/10/2019,45063.966
6/11/2019,45538.0188
6/12/2019,45568.4475
6/13/2019,44570.9047
6/14/2019,41978.4664
6/15/2019,45193.7085
6/16/2019,46077.8709
6/17/2019,46383.3942
6/18/2019,46851.695
6/19/2019,46318.5407
6/20/2019,45136.7202
6/21/2019,42795.2539
6/22/2019,46040.2194
6/23/2019,47298.0243
6/24/2019,48029.8791
6/25/2019,48351.4705
6/26/2019,48438.7462
6/27/2019,47149.8761
6/28/2019,44266.2841
6/29/2019,45364.5958
6/30/2019,48052.8799
7/1/2019,46996.0629
7/2/2019,45372.4684
7/3/2019,45761.6449
7/4/2019,46051.6114
7/5/2019,43741.5762
7/6/2019,46868.8646
7/7/2019,47426.5639
7/8/2019,47551.5646
7/9/2019,47478.3723
7/10/2019,47046.2052
7/11/2019,46394.8651
7/12/2019,44720.9003
7/13/2019,47926.5132
7/14/2019,47525.7793
7/15/2019,47597.8634
7/16/2019,48365.3323
7/17/2019,48176.9695
7/18/2019,47094.4697
7/19/2019,44717.404
7/20/2019,48306.0455
7/21/2019,49139.9885
7/22/2019,50029.1941
7/23/2019,49408.0552
7/24/2019,48928.1784
7/25/2019,48180.0484
7/26/2019,45152.2371
7/27/2019,47676.9825
7/28/2019,47799.7142
7/29/2019,47475.246
7/30/2019,48174.1514
7/31/2019,49019.8931
8/1/2019,48571.3249
8/2/2019,45745.4696
8/3/2019,48657.1727
8/4/2019,48355.6604
8/5/2019,48814.8441
8/6/2019,47841.9547
8/7/2019,47143.8781
8/8/2019,46236.7593
8/9/2019,43276.0668
8/10/2019,46424.883
8/11/2019,46402.9912
8/12/2019,43157.8363
8/13/2019,45367.0574
8/14/2019,45547.2155
8/15/2019,44804.5995
8/16/2019,42664.378
8/17/2019,45202.0894
8/18/2019,44776.3541
8/19/2019,45425.7709
8/20/2019,43587.3096
8/21/2019,45496.9873
8/22/2019,44786.8021
8/23/2019,42857.5835
8/24/2019,46314.0189
8/25/2019,46616.6532
8/26/2019,46493.1057
8/27/2019,46331.6567
8/28/2019,46097.2079
8/29/2019,45076.2116
8/30/2019,42613.8228
8/31/2019,45199.6379
9/1/2019,44511.2829
9/2/2019,44175.4814
9/3/2019,44220.8708
9/4/2019,43803.4385
9/5/2019,43010.1772
9/6/2019,41026.1854
9/7/2019,43343.6718
9/8/2019,42023.9027
9/9/2019,36139.6409
9/10/2019,33221.4972
9/11/2019,38509.5789
9/12/2019,38621.82
9/13/2019,36637.4996
9/14/2019,39459.7577
9/15/2019,40018.4608
9/16/2019,40809.0945
9/17/2019,41656.7281
9/18/2019,42340.543
9/19/2019,41680.511
9/20/2019,38999.5533
9/21/2019,43783.9984
9/22/2019,42087.0485
9/23/2019,41341.9344
9/24/2019,41539.5634
9/25/2019,41174.0003
9/26/2019,40605.1906
9/27/2019,38680.3811
9/28/2019,40976.8649
9/29/2019,40916.6767
9/30/2019,40351.4868
10/1/2019,39913.4653
10/2/2019,39492.547
10/3/2019,38486.8273
10/4/2019,36048.5294
10/5/2019,36349.6681
10/6/2019,35738.2845
10/7/2019,36322.3424
10/8/2019,37076.9459
10/9/2019,37269.483
10/10/2019,36348.1298
10/11/2019,34179.8505
10/12/2019,36411.2117
10/13/2019,35985.1553
10/14/2019,35352.8479
10/15/2019,35088.467
10/16/2019,34125.9452
10/17/2019,33402.8738
10/18/2019,31481.8065
10/19/2019,30871.4455
10/20/2019,33224.8669
10/21/2019,32846.8193
10/22/2019,32758.5064
10/23/2019,32614.1393
10/24/2019,31983.6336
10/25/2019,30358.3147
10/26/2019,31203.4541
10/27/2019,28602.1151
10/28/2019,29835.3155
10/29/2019,29097.8009
10/30/2019,30820.6542
10/31/2019,30271.6136
11/1/2019,27946.4917
11/2/2019,29799.5003
11/3/2019,30111.5721
11/4/2019,30470.6084
11/5/2019,30260.8731
11/6/2019,28735.2014
11/7/2019,28842.7284
11/8/2019,27452.3364
11/9/2019,29413.2085
11/10/2019,29544.5656
11/11/2019,29631.67
11/12/2019,29622.2438
11/13/2019,29504.8812
11/14/2019,29087.6173
11/15/2019,27236.3733
11/16/2019,29222.4282
11/17/2019,28955.2651
11/18/2019,28998.5196
11/19/2019,29133.7294
11/20/2019,29498.3704
11/21/2019,28331.6722
11/22/2019,26498.0529
11/23/2019,29440.4262
11/24/2019,29987.4309
11/25/2019,29964.6243
11/26/2019,29948.1286
11/27/2019,30097.5664
11/28/2019,29507.8839
11/29/2019,27609.4047
11/30/2019,29945.2168
12/1/2019,30306.1725
12/2/2019,30119.0688
12/3/2019,30083.9348
12/4/2019,30113.716
12/5/2019,29843.4372
12/6/2019,27970.0015
12/7/2019,30213.3506
12/8/2019,30240.3235
12/9/2019,30100.663
12/10/2019,30303.6223
12/11/2019,30489.6183
12/12/2019,29710.159
12/13/2019,28016.8313
12/14/2019,30304.9146
12/15/2019,30544.324
12/16/2019,30369.6676
12/17/2019,29896.0084
12/18/2019,29865.2328
12/19/2019,29348.008
12/20/2019,27484.2705
12/21/2019,29099.4995
12/22/2019,29476.8672
12/23/2019,29726.6383
12/24/2019,30163.9656
12/25/2019,30033.7301
12/26/2019,29461.2143
12/27/2019,27695.3565
12/28/2019,30049.7553
12/29/2019,30420.4322
12/30/2019,30590.6281
12/31/2019,30829.8518
1/1/2020,30842.9636
1/2/2020,30196.306
1/3/2020,28445.3661
1/4/2020,30817.2191
1/5/2020,30642.4354
1/6/2020,29835.5534
1/7/2020,30547.3343
1/8/2020,30411.5236
1/9/2020,29972.0268
1/10/2020,28172.5789
1/11/2020,30330.6944
1/12/2020,30616.8403
1/13/2020,30802.3633
1/14/2020,31034.2126
1/15/2020,31024.2419
1/16/2020,30403.8308
1/17/2020,28315.6089
1/18/2020,30927.8583
1/19/2020,31208.4834
1/20/2020,31016.0294
1/21/2020,30953.5777
1/22/2020,30964.4899
1/23/2020,30051.7548
1/24/2020,27701.932
1/25/2020,30417.9513
1/26/2020,31280.3694
1/27/2020,31303.0597
1/28/2020,30888.9644
1/29/2020,29467.3216
1/30/2020,29822.6849
1/31/2020,28034.9543
2/1/2020,30671.138
2/2/2020,31111.138
2/3/2020,30705.0441
2/4/2020,30976.7879
2/5/2020,31369.7883
2/6/2020,30505.1873
2/7/2020,27928.5178
2/8/2020,29926.1822
2/9/2020,30303.7583
2/10/2020,30644.6752
2/11/2020,29313.424
2/12/2020,30939.1243
2/13/2020,30929.6702
2/14/2020,28851.0633
2/15/2020,31025.3648
2/16/2020,31111.4909
2/17/2020,31595.1183
2/18/2020,31075.8714
2/19/2020,30932.8033
2/20/2020,30253.3518
2/21/2020,27948.0021
2/22/2020,30219.9933
2/23/2020,30536.5973
2/24/2020,31055.7374
2/25/2020,31004.5416
2/26/2020,30651.5024
2/27/2020,30148.2352
2/28/2020,28838.3165
2/29/2020,30769.2496
3/1/2020,30591.8386
3/2/2020,30901.1811
3/3/2020,30712.7315
3/4/2020,30820.5543
3/5/2020,30295.3018
3/6/2020,28699.4534
3/7/2020,30745.4307
3/8/2020,29821.7824
3/9/2020,30231.5227
3/10/2020,30255.8149
3/11/2020,30016.8871
3/12/2020,29727.0999
3/13/2020,28152.187
3/14/2020,28932.0471
3/15/2020,28546.5661
3/16/2020,27993.672
3/17/2020,27424.3286
3/18/2020,26929.5548
3/19/2020,25464.8934
3/20/2020,23757.2389
3/21/2020,22570.2667
3/22/2020,23166.3345
3/23/2020,22704.9159
3/24/2020,23534.4972
3/25/2020,24075.4681
3/26/2020,24133.2829
3/27/2020,23988.1443
3/28/2020,24853.2089
3/29/2020,24573.3758
3/30/2020,23814.6396
3/31/2020,23698.8774
4/1/2020,22879.3644
4/2/2020,24309.463
4/3/2020,24767.1596
4/4/2020,26471.8892
4/5/2020,27113.9107
4/6/2020,27626.077
4/7/2020,28251.8343
4/8/2020,28742.8178
4/9/2020,27939.5243
4/10/2020,27514.0419
4/11/2020,29432.7246
4/12/2020,29210.0628
4/13/2020,28530.7545
4/14/2020,28526.0588
4/15/2020,28600.2162
4/16/2020,28251.3663
4/17/2020,27167.9554
4/18/2020,29193.5147
4/19/2020,29473.7121
4/20/2020,30508.0844
4/21/2020,30901.5575
4/22/2020,31346.1402
4/23/2020,31067.957
4/24/2020,30181.6901
4/25/2020,33027.6328
4/26/2020,33917.9444
4/27/2020,32857.7848
4/28/2020,32971.6008
4/29/2020,32631.2176
4/30/2020,31414.1688
5/1/2020,29259.6753
5/2/2020,32643.7053
5/3/2020,33176.9798
5/4/2020,33583.2939
5/5/2020,34634.3919
5/6/2020,34838.0525
5/7/2020,33941.5953
5/8/2020,32216.4986
5/9/2020,35030.6418
5/10/2020,36486.6744
5/11/2020,36333.6162
5/12/2020,36008.683
5/13/2020,35768.4574
5/14/2020,35680.007
5/15/2020,33445.7911
5/16/2020,37070.8047
5/17/2020,38438.7118
5/18/2020,39050.1779
5/19/2020,39424.5374
5/20/2020,38886.04
5/21/2020,38517.5427
5/22/2020,37758.1285
5/23/2020,40679.6928
5/24/2020,37696.7977
5/25/2020,38474.5996
5/26/2020,40951.4013
5/27/2020,42363.4877
5/28/2020,42534.4613
5/29/2020,41301.3836
5/30/2020,44895.1763
5/31/2020,44723.8152
6/1/2020,45109.1609
6/2/2020,45385.5074
6/3/2020,44135.9
6/4/2020,43771.3098
6/5/2020,42525.5893
6/6/2020,45418.8297
6/7/2020,44840.1289
6/8/2020,44482.7173
6/9/2020,44898.6861
6/10/2020,45604.1196
6/11/2020,45392.0444
6/12/2020,43102.4667
6/13/2020,46163.0019
6/14/2020,46770.5935
6/15/2020,47465.2269
6/16/2020,47843.3933
6/17/2020,46682.2158
6/18/2020,46972.3443
6/19/2020,44746.2072
6/20/2020,48093.3166
6/21/2020,46973.5894
6/22/2020,46509.8895
6/23/2020,46998.8348
6/24/2020,47888.9605
6/25/2020,47779.5988
6/26/2020,44671.6021
6/27/2020,46602.3825
6/28/2020,46301.8119
6/29/2020,45851.5938
6/30/2020,46324.4205
7/1/2020,46720.2309
7/2/2020,45696.4322
7/3/2020,43734.925
7/4/2020,47472.7774
7/5/2020,47469.2261
7/6/2020,47541.5978
7/7/2020,48246.2578
7/8/2020,48847.1221
7/9/2020,48668.4898
7/10/2020,45983.2174
7/11/2020,48525.6383
7/12/2020,47965.3822
7/13/2020,48193.8747
7/14/2020,48568.4995
7/15/2020,48548.2943
7/16/2020,47197.7522
7/17/2020,44854.7261
7/18/2020,49096.4428
7/19/2020,50193.039
7/20/2020,50585.9486
7/21/2020,50724.6593
7/22/2020,50329.7063
7/23/2020,48836.3515
7/24/2020,46152.6999
7/25/2020,49598.5949
7/26/2020,50758.9934
7/27/2020,51204.0476
7/28/2020,51559.35
7/29/2020,51645.4232
7/30/2020,50217.6917
7/31/2020,45693.659
8/1/2020,48891.0818
8/2/2020,49578.6408
8/3/2020,49654.2983
8/4/2020,48720.5624
8/5/2020,47653.4557
8/6/2020,46701.2315
8/7/2020,43891.7157
8/8/2020,44497.36
8/9/2020,47800.1811
8/10/2020,48991.7084
8/11/2020,49343.3325
8/12/2020,49195.4343
8/13/2020,48302.0819
8/14/2020,45573.1151
8/15/2020,47713.8379
8/16/2020,47411.8934
8/17/2020,47071.5234
8/18/2020,46663.7199
8/19/2020,47152.1557
8/20/2020,46733.9582
8/21/2020,44587.5034
8/22/2020,47436.466
8/23/2020,46818.4478
8/24/2020,45615.0916
8/25/2020,43998.0029
8/26/2020,43622.1978
8/27/2020,42786.1
8/28/2020,40693.06
8/29/2020,39088.8958
8/30/2020,37383.5588
8/31/2020,43026.4841
9/1/2020,43651.2021
9/2/2020,44074.6985
9/3/2020,43954.998
9/4/2020,41505.0891
9/5/2020,44263.8024
9/6/2020,45128.4901
9/7/2020,45857.4125
9/8/2020,45909.7349
9/9/2020,45469.6625
9/10/2020,44348.3067
9/11/2020,41820.3588
9/12/2020,44978.6131
9/13/2020,45022.7572
9/14/2020,44614.3509
9/15/2020,44250.3641
9/16/2020,43421.6973
9/17/2020,42328.6775
9/18/2020,39947.9208
9/19/2020,42759.1308
9/20/2020,44368.1444
9/21/2020,42090.0384
9/22/2020,42082.0935
9/23/2020,42116.0903
9/24/2020,41100.4839
9/25/2020,38317.0574
9/26/2020,41043.619
9/27/2020,41425.6474
9/28/2020,40521.7214
9/29/2020,39686.1462
9/30/2020,39361.5855
10/1/2020,38570.7774
10/2/2020,36535.5638
10/3/2020,39105.0626
10/4/2020,38931.6938
10/5/2020,38266.0085
10/6/2020,37692.127
10/7/2020,37050.4765
10/8/2020,33749.1166
10/9/2020,32601.0134
10/10/2020,34476.2281
10/11/2020,34603.7563
10/12/2020,34509.7523
10/13/2020,34025.4778
10/14/2020,33869.3324
10/15/2020,33115.3551
10/16/2020,30489.3347
10/17/2020,31041.7623
10/18/2020,32902.2157
10/19/2020,33147.1031
10/20/2020,33066.9824
10/21/2020,33123.5914
10/22/2020,32575.5649
10/23/2020,30658.9365
10/24/2020,32610.507
10/25/2020,31624.6962
10/26/2020,32558.5781
10/27/2020,32560.198
10/28/2020,32622.364
10/29/2020,32005.2709
10/30/2020,30004.7509
10/31/2020,32126.1857
11/1/2020,32312.6938
11/2/2020,32081.4154
11/3/2020,30982.3323
11/4/2020,31803.2471
11/5/2020,31247.0617
11/6/2020,29433.0635
11/7/2020,31874.9565
11/8/2020,31943.05
11/9/2020,31639.8583
11/10/2020,32028.9539
11/11/2020,31988.833
11/12/2020,31073.4832
11/13/2020,28396.2976
11/14/2020,30565.9172
11/15/2020,31012.9091
11/16/2020,31426.7415
11/17/2020,31404.1202
11/18/2020,31647.4801
11/19/2020,31350.688
11/20/2020,29197.8428
11/21/2020,31065.6313
11/22/2020,31090.3062
11/23/2020,31020.2845
11/24/2020,31330.3434
11/25/2020,31683.7918
11/26/2020,31066.3618
11/27/2020,29000.6858
11/28/2020,30742.1987
11/29/2020,31342.2678
11/30/2020,31464.1347
12/1/2020,31231.0696
12/2/2020,31444.2275
12/3/2020,30805.0653
12/4/2020,28829.3427
12/5/2020,31175.2816
12/6/2020,31831.928
12/7/2020,31514.235
12/8/2020,31172.7146
12/9/2020,31746.4019
12/10/2020,31195.6367
12/11/2020,29138.7428
12/12/2020,31787.5614
12/13/2020,32285.8467
12/14/2020,32311.4233
12/15/2020,32243.5831
12/16/2020,32344.4068
12/17/2020,31538.3708
12/18/2020,29435.8695
12/19/2020,31787.0106
12/20/2020,31604.028
12/21/2020,31713.4485
12/22/2020,32116.3494
12/23/2020,32312.0241
12/24/2020,31586.7179
12/25/2020,29478.4163
12/26/2020,31956.8551
12/27/2020,32449.7215
12/28/2020,32679.4602
12/29/2020,32598.183
12/30/2020,32672.4831
12/31/2020,31931.2313
1/1/2021,29704.6059
1/2/2021,32297.0219
1/3/2021,32788.6458
1/4/2021,32816.7021
1/5/2021,32987.8388
1/6/2021,33001.2777
1/7/2021,32611.32
1/8/2021,30493.4965
1/9/2021,32871.2345
1/10/2021,33065.6849
1/11/2021,33523.0927
1/12/2021,32010.2138
1/13/2021,31511.9252
1/14/2021,29991.8428
1/15/2021,28107.6569
1/16/2021,29877.8399
1/17/2021,29164.3892
1/18/2021,30605.6538
1/19/2021,30704.2264
1/20/2021,30863.7758
1/21/2021,30353.023
1/22/2021,28708.2587
1/23/2021,31192.3489
1/24/2021,31665.486
1/25/2021,32098.9239
1/26/2021,31131.5279
1/27/2021,31553.7725
1/28/2021,31065.283
1/29/2021,29057.7653
1/30/2021,31026.127
1/31/2021,31713.3769
2/1/2021,32075.0562
2/2/2021,32047.1522
2/3/2021,32190.5338
2/4/2021,31484.7429
2/5/2021,29619.5313
2/6/2021,32026.2564
2/7/2021,32376.9362
2/8/2021,32091.0425
2/9/2021,32166.2133
2/10/2021,30634.8386
2/11/2021,31005.8844
2/12/2021,28929.7013
2/13/2021,30911.4937
2/14/2021,31401.6916
2/15/2021,31470.1034
2/16/2021,31578.9341
2/17/2021,31491.6556
2/18/2021,31188.9107
2/19/2021,29247.8352
2/20/2021,31707.3825
2/21/2021,32269.9096
2/22/2021,32618.9278
2/23/2021,32823.7714
2/24/2021,32807.9434
2/25/2021,31371.6871
2/26/2021,29697.8687
2/27/2021,32361.4801
2/28/2021,32907.5168
3/1/2021,33627.6101
3/2/2021,33125.0226
3/3/2021,32924.4375
3/4/2021,32660.2009
3/5/2021,31027.8623
3/6/2021,32888.65
3/7/2021,33090.9354
3/8/2021,33184.7595
3/9/2021,32865.1136
3/10/2021,33072.6732
3/11/2021,32106.762
3/12/2021,30785.1752
3/13/2021,32200.9937
3/14/2021,33124.878
3/15/2021,32884.1179
3/16/2021,32565.5716
3/17/2021,31591.9018
3/18/2021,30294.1139
3/19/2021,29082.5779
3/20/2021,27312.3842
3/21/2021,26511.196
3/22/2021,25674.94
3/23/2021,27311.2144
3/24/2021,27742.9952
3/25/2021,28372.8166
3/26/2021,28412.9946
3/27/2021,30217.1487
3/28/2021,30287.9619
3/29/2021,29943.4384
3/30/2021,30548.2099
3/31/2021,31247.5817
4/1/2021,30613.3562
4/2/2021,28766.1602
4/3/2021,32298.2019
4/4/2021,32906.4645
4/5/2021,33254.2194
4/6/2021,33388.3444
4/7/2021,33872.718
4/8/2021,34092.2927
4/9/2021,32773.1809
4/10/2021,34982.3667
4/11/2021,35041.1741
4/12/2021,35245.9472
4/13/2021,35673.8728
4/14/2021,35625.1342
4/15/2021,34815.4095
4/16/2021,32975.4407
4/17/2021,35319.0152
4/18/2021,36611.8631
4/19/2021,36963.701
4/20/2021,37756.0509
4/21/2021,37965.5941
4/22/2021,38273.6951
4/23/2021,36705.1452
4/24/2021,38649.1676
4/25/2021,40314.7252
4/26/2021,40742.2722
4/27/2021,40785.7012
4/28/2021,40817.0638
4/29/2021,39552.1205
4/30/2021,37319.6334
5/1/2021,39158.2955
5/2/2021,38822.4161
5/3/2021,37535.1585
5/4/2021,35169.2502
5/5/2021,38366.091
5/6/2021,38602.9024
5/7/2021,36966.1173
5/8/2021,39347.6206
5/9/2021,39845.3987
5/10/2021,40308.0461
5/11/2021,40991.2138
5/12/2021,41445.2655
5/13/2021,38556.5855
5/14/2021,37833.9107
5/15/2021,41205.9068
5/16/2021,41684.0368
5/17/2021,42812.6176
5/18/2021,43742.9638
5/19/2021,44159.0069
5/20/2021,43743.4363
5/21/2021,41879.3411
